Workbook

Sheet 題庫
A1: 幼兒生活常識題庫｜共 30 題
A2: 可依分類篩選或排序；每題附有提示圖示，隨機練習頁會從此題庫抽題並重新排列。
A3: 編號 | B3: 分類 | C3: 圖示提示 | D3: 題目 | E3: 選項 A | F3: 選項 B | G3: 選項 C | H3: 選項 D | I3: 正確答案 | J3: 答案解說
A4: 1 | B4: 天氣 | C4: ☔ | D4: 下雨天出門，帶什麼可以避免淋濕？ | E4: 雨傘 | F4: 太陽眼鏡 | G4: 玩具球 | H4: 湯匙 | I4: A | J4: 雨傘可以幫我們遮雨。
A5: 2 | B5: 衛生 | C5: 🪥 | D5: 吃完東西後，怎麼照顧牙齒比較好？ | E5: 把牙刷收起來就好 | F5: 刷牙 | G5: 用手擦牙齒 | H5: 不喝水 | I5: B | J5: 每天好好刷牙，可以保持牙齒清潔。
A6: 3 | B6: 飲食 | C6: 💧 | D6: 口渴時，喝什麼最適合補充水分？ | E6: 糖果 | F6: 果凍 | G6: 白開水 | H6: 汽水 | I6: C | J6: 白開水是日常補充水分的好選擇。
A7: 4 | B7: 交通 | C7: 🚦 | D7: 過馬路看到紅燈時，應該怎麼做？ | E7: 趕快跑過去 | F7: 閉上眼睛走 | G7: 在馬路上玩 | H7: 停下來等候 | I7: D | J7: 紅燈要停，並等到安全通行的號誌。
A8: 5 | B8: 作息 | C8: 💡 | D8: 晚上睡覺前，房間的燈通常要怎麼做？ | E8: 關掉 | F8: 開到最亮 | G8: 用水沖一沖 | H8: 藏進玩具箱 | I8: A | J8: 睡覺前關燈，可以準備休息。
A9: 6 | B9: 整理 | C9: 🧸 | D9: 玩具玩完以後，應該把玩具放在哪裡？ | E9: 鞋子裡 | F9: 玩具箱 | G9: 冰箱 | H9: 洗手台 | I9: B | J9: 把玩具收回玩具箱，房間會更整齊。
A10: 7 | B10: 衛生 | C10: 🧼 | D10: 吃飯前，應該先做什麼？ | E10: 把手擦在衣服上 | F10: 玩沙子 | G10: 用肥皂洗手 | H10: 摸摸地板 | I10: C | J10: 吃飯前洗手，可以洗掉手上的髒污。
A11: 8 | B11: 健康 | C11: 😷 | D11: 咳嗽時，怎麼做比較有禮貌又衛生？ | E11: 對著別人咳 | F11: 大聲喊叫 | G11: 把臉靠近食物 | H11: 用手肘遮住口鼻 | I11: D | J11: 咳嗽時用手肘遮住口鼻，並記得洗手。
A12: 9 | B12: 衛生 | C12: 🤧 | D12: 打噴嚏時，哪一種做法比較好？ | E12: 用衛生紙遮住口鼻 | F12: 朝著別人打噴嚏 | G12: 用手摸食物 | H12: 把衛生紙丟在地上 | I12: A | J12: 用衛生紙遮住口鼻，使用後丟進垃圾桶。
A13: 10 | B13: 飲食 | C13: 🍎 | D13: 哪一種點心通常有助於吃到水果？ | E13: 汽水 | F13: 切好的蘋果 | G13: 糖果 | H13: 洋芋片 | I13: B | J13: 水果含有身體需要的營養，可以和家人一起享用。
A14: 11 | B14: 飲食 | C14: 🥣 | D14: 熱湯剛端上桌時，應該怎麼做？ | E14: 把手伸進碗裡 | F14: 拿著碗跑步 | G14: 請大人幫忙，等湯涼一些 | H14: 立刻大口喝 | I14: C | J14: 熱湯可能燙傷，先請大人協助並等候。
A15: 12 | B15: 安全 | C15: ⚠️ | D15: 看到地上有水，怎麼做比較安全？ | E15: 在水上跑步 | F15: 故意踩水玩 | G15: 推朋友過去 | H15: 告訴大人並小心避開 | I15: D | J15: 地面濕滑容易跌倒，請大人協助處理。
... A33: 30 | B33: 禮貌 | C33: 🤝 | D33: 想借別人的玩具時，應該怎麼說？ | E33: 故意弄壞它 | F33: 請問我可以借玩一下嗎？ | G33: 直接搶過來 | H33: 藏起來不說 | I33: B | J33: 先有禮貌地詢問，並在使用後好好歸還。

Sheet 隨機練習
A1: 小小生活常識家｜隨機練習
A2: 抽題數（1–30） | B2: 10 | D2: 目前答對 / 已作答 | E2: =IF(COUNTA(G5:G34)=0,"尚未作答",COUNTIF(H5:H34,"答對")&" / "&COUNTIF(G5:G34,"<>")&" 題")
A3: 從作答欄選擇 A、B、C 或 D；按 F9 可重新抽題與洗牌。此頁不顯示正確答案。
A4: 圖示提示 | B4: 題目 | C4: 選項 A | D4: 選項 B | E4: 選項 C | F4: 選項 D | G4: 你的答案 | H4: 判定
A5: =LET(q,題庫!$C$4:$H$33,TAKE(SORTBY(q,RANDARRAY(ROWS(題庫!$C$4:$C$33))),MIN(MAX(1,$B$2),ROWS(題庫!$C$4:$C$33)))) | H5: =IF(B5="","",IF(G5="","",IF(G5=INDEX(題庫!$I$4:$I$33,MATCH(B5,題庫!$D$4:$D$33,0)),"答對","再試一次")))
H6: =IF(B6="","",IF(G6="","",IF(G6=INDEX(題庫!$I$4:$I$33,MATCH(B6,題庫!$D$4:$D$33,0)),"答對","再試一次")))
H7: =IF(B7="","",IF(G7="","",IF(G7=INDEX(題庫!$I$4:$I$33,MATCH(B7,題庫!$D$4:$D$33,0)),"答對","再試一次")))
H8: =IF(B8="","",IF(G8="","",IF(G8=INDEX(題庫!$I$4:$I$33,MATCH(B8,題庫!$D$4:$D$33,0)),"答對","再試一次")))
H9: =IF(B9="","",IF(G9="","",IF(G9=INDEX(題庫!$I$4:$I$33,MATCH(B9,題庫!$D$4:$D$33,0)),"答對","再試一次")))
H10: =IF(B10="","",IF(G10="","",IF(G10=INDEX(題庫!$I$4:$I$33,MATCH(B10,題庫!$D$4:$D$33,0)),"答對","再試一次")))
H11: =IF(B11="","",IF(G11="","",IF(G11=INDEX(題庫!$I$4:$I$33,MATCH(B11,題庫!$D$4:$D$33,0)),"答對","再試一次")))
H12: =IF(B12="","",IF(G12="","",IF(G12=INDEX(題庫!$I$4:$I$33,MATCH(B12,題庫!$D$4:$D$33,0)),"答對","再試一次")))
H13: =IF(B13="","",IF(G13="","",IF(G13=INDEX(題庫!$I$4:$I$33,MATCH(B13,題庫!$D$4:$D$33,0)),"答對","再試一次")))
H14: =IF(B14="","",IF(G14="","",IF(G14=INDEX(題庫!$I$4:$I$33,MATCH(B14,題庫!$D$4:$D$33,0)),"答對","再試一次")))
H15: =IF(B15="","",IF(G15="","",IF(G15=INDEX(題庫!$I$4:$I$33,MATCH(B15,題庫!$D$4:$D$33,0)),"答對","再試一次")))
H16: =IF(B16="","",IF(G16="","",IF(G16=INDEX(題庫!$I$4:$I$33,MATCH(B16,題庫!$D$4:$D$33,0)),"答對","再試一次")))
H17: =IF(B17="","",IF(G17="","",IF(G17=INDEX(題庫!$I$4:$I$33,MATCH(B17,題庫!$D$4:$D$33,0)),"答對","再試一次")))
... H34: =IF(B34="","",IF(G34="","",IF(G34=INDEX(題庫!$I$4:$I$33,MATCH(B34,題庫!$D$4:$D$33,0)),"答對","再試一次")))
